Merk,Engine-Size,Cylinders,Fuel-Type,Fuel-Consumption-City,Fuel-Consumption-Hwy,Fuel-Consumption-Comb,
Acura,2.40,4.00,Z,9.90,7.00,8.60,
Acura,3.50,6.00,Z,12.20,9.00,10.80,
Acura,3.50,6.00,Z,12.20,9.50,11.00,
Acura,3.00,6.00,Z,9.10,9.00,9.00,
Acura,3.50,6.00,Z,11.10,10.80,11.00,
Acura,2.00,4.00,Z,11.00,8.60,9.90,
Acura,2.00,4.00,Z,11.30,9.10,10.30,
Acura,3.50,6.00,Z,8.40,8.20,8.40,
Acura,2.40,4.00,Z,10.00,7.10,8.70,
Acura,2.40,4.00,Z,10.20,7.40,8.90,
Acura,3.50,6.00,Z,11.40,7.70,9.80,
Acura,3.50,6.00,Z,12.00,8.20,10.30,
Alfa Romeo,1.80,4.00,Z,9.70,6.90,8.40,
Alfa Romeo,1.80,4.00,Z,9.70,6.90,8.40,
Alfa Romeo,2.00,4.00,Z,10.00,7.20,8.70,
Alfa Romeo,2.00,4.00,Z,10.50,7.70,9.20,
Alfa Romeo,2.90,6.00,Z,13.80,9.60,11.90,
Alfa Romeo,2.00,4.00,Z,10.30,8.10,9.30,
Alfa Romeo,2.00,4.00,Z,10.80,8.30,9.60,
Alfa Romeo,2.90,6.00,Z,14.10,10.40,12.40,
Aston Martin,4.00,8.00,Z,13.00,9.80,11.50,
Aston Martin,5.20,12.00,Z,15.50,10.60,13.30,
Aston Martin,5.20,12.00,Z,16.40,10.70,13.80,
Aston Martin,6.00,12.00,Z,16.70,10.90,14.10,
Aston Martin,6.00,12.00,Z,17.50,11.40,14.70,
Aston Martin,4.00,8.00,Z,12.70,9.40,11.20,
Audi,2.00,4.00,X,9.10,6.80,8.10,
Audi,2.00,4.00,X,10.90,7.90,9.60,
Audi,2.00,4.00,X,10.70,7.90,9.50,
Audi,2.00,4.00,Z,8.60,6.90,7.80,
Audi,2.00,4.00,Z,10.00,7.00,8.70,
Audi,2.00,4.00,Z,10.70,8.00,9.50,
Audi,2.00,4.00,Z,10.00,7.00,8.70,
Audi,2.00,4.00,Z,10.00,7.00,8.70,
Audi,2.00,4.00,Z,10.00,7.00,8.70,
Audi,3.00,6.00,Z,10.70,8.20,9.60,
Audi,3.00,6.00,Z,10.70,8.20,9.60,
Audi,3.00,6.00,Z,12.50,8.60,10.80,
Audi,2.00,4.00,X,12.30,8.60,10.60,
Audi,2.00,4.00,Z,10.90,8.70,9.90,
Audi,2.00,4.00,Z,12.20,9.50,11.00,
Audi,3.00,6.00,Z,12.60,9.40,11.10,
Audi,3.00,6.00,Z,14.00,10.70,12.50,
Audi,2.50,5.00,Z,12.40,8.40,10.60,
Audi,2.90,6.00,Z,13.30,8.70,11.30,
Audi,2.90,6.00,Z,13.50,9.00,11.50,
Audi,2.00,4.00,Z,10.70,8.00,9.50,
Audi,3.00,6.00,Z,11.30,8.00,9.80,
Audi,3.00,6.00,Z,11.30,8.00,9.80,
Audi,3.00,6.00,Z,11.40,8.20,9.90,
Audi,3.00,6.00,Z,11.30,8.00,9.80,
Audi,3.00,6.00,Z,12.70,10.00,11.50,
Audi,2.00,4.00,X,10.30,7.70,9.20,
Audi,2.00,4.00,X,10.30,7.70,9.20,
Audi,2.50,5.00,Z,12.00,8.30,10.30,
Audi,2.00,4.00,Z,10.40,8.20,9.40,
Bentley,4.00,8.00,Z,16.40,10.10,13.60,
Bentley,6.80,8.00,Z,24.50,14.40,20.00,
BMW,2.00,4.00,Z,10.20,7.20,8.80,
BMW,2.00,4.00,Z,9.90,7.10,8.60,
BMW,2.00,4.00,Z,9.50,6.90,8.30,
BMW,2.00,4.00,Z,10.20,7.20,8.80,
BMW,2.00,4.00,Z,10.20,7.20,8.80,
BMW,2.00,4.00,Z,10.60,7.30,9.10,
BMW,2.00,4.00,Z,10.20,7.20,8.80,
BMW,2.00,4.00,Z,10.20,7.20,8.80,
BMW,3.00,6.00,Z,11.20,7.30,9.40,
BMW,3.00,6.00,Z,12.80,8.80,11.00,
BMW,3.00,6.00,Z,11.80,7.90,10.00,
BMW,3.00,6.00,Z,11.40,7.60,9.70,
BMW,3.00,6.00,Z,13.00,8.50,11.00,
BMW,3.00,6.00,Z,11.40,7.60,9.70,
BMW,2.00,4.00,Z,10.20,7.20,8.80,
BMW,3.00,6.00,Z,11.20,8.10,9.80,
BMW,3.00,6.00,Z,12.30,8.40,10.50,
BMW,3.00,6.00,Z,11.90,8.40,10.30,
BMW,4.40,8.00,Z,14.00,9.60,12.00,
BMW,4.40,8.00,Z,13.30,9.20,11.50,
BMW,4.40,8.00,Z,14.00,9.60,12.00,
BMW,4.40,8.00,Z,14.00,9.60,12.00,
BMW,4.40,8.00,Z,14.00,9.60,12.00,
BMW,3.00,6.00,Z,14.30,10.40,12.60,
BMW,3.00,6.00,Z,13.40,9.60,11.70,
BMW,3.00,6.00,Z,11.20,7.80,9.70,
BMW,3.00,6.00,Z,12.80,8.80,11.00,
BMW,3.00,6.00,Z,11.20,7.80,9.70,
BMW,3.00,6.00,Z,12.80,8.80,11.00,
BMW,3.00,6.00,Z,11.20,7.80,9.70,
BMW,3.00,6.00,Z,12.80,8.80,11.00,
BMW,3.00,6.00,Z,11.30,8.00,9.80,
BMW,3.00,6.00,Z,11.30,8.00,9.80,
BMW,3.00,6.00,Z,11.30,8.00,9.80,
BMW,3.00,6.00,Z,14.50,10.50,12.70,
BMW,3.00,6.00,Z,13.80,9.40,11.90,
BMW,3.00,6.00,Z,14.50,10.50,12.70,
BMW,3.00,6.00,Z,13.80,9.40,11.90,
BMW,3.00,6.00,Z,14.30,10.40,12.60,
BMW,3.00,6.00,Z,13.40,9.60,11.70,
BMW,3.00,6.00,Z,14.30,10.40,12.60,
BMW,3.00,6.00,Z,13.40,9.60,11.70,
BMW,3.00,6.00,Z,14.30,10.40,12.60,
BMW,4.40,8.00,Z,16.00,11.20,13.90,
BMW,4.40,8.00,Z,16.00,11.20,13.90,
BMW,4.40,8.00,Z,13.30,9.20,11.50,
BMW,4.40,8.00,Z,17.30,11.60,14.70,
BMW,6.60,12.00,Z,17.70,11.90,15.10,
BMW,4.40,8.00,Z,13.50,9.20,11.60,
BMW,4.40,8.00,Z,13.30,9.20,11.50,
BMW,2.00,4.00,Z,10.70,7.50,9.30,
BMW,2.00,4.00,Z,11.00,7.70,9.50,
BMW,2.00,4.00,Z,10.80,8.00,9.60,
BMW,3.00,6.00,Z,11.90,8.70,10.40,
BMW,2.00,4.00,Z,10.80,8.00,9.60,
BMW,3.00,6.00,Z,11.90,8.70,10.40,
BMW,3.00,6.00,Z,11.70,9.10,10.50,
BMW,4.40,8.00,Z,15.30,11.10,13.40,
BMW,3.00,6.00,Z,13.00,9.90,11.60,
BMW,4.40,8.00,Z,14.30,10.60,12.60,
BMW,4.40,8.00,Z,16.60,12.10,14.60,
BMW,3.00,6.00,Z,12.00,9.40,10.80,
BMW,4.40,8.00,Z,14.30,10.60,12.60,
Bugatti,8.00,16.00,Z,26.80,16.60,22.20,
Buick,3.60,6.00,X,13.00,9.10,11.20,
Buick,3.60,6.00,X,13.80,9.50,11.90,
Buick,1.40,4.00,X,9.40,7.80,8.70,
Buick,1.40,4.00,X,8.90,7.50,8.30,
Buick,1.40,4.00,X,9.90,8.10,9.10,
Buick,1.40,4.00,X,9.40,7.90,8.80,
Buick,2.00,4.00,Z,11.70,9.40,10.70,
Buick,2.50,4.00,X,11.10,8.60,10.00,
Buick,3.60,6.00,X,11.70,7.80,9.90,
Buick,2.50,4.00,X,9.40,6.80,8.20,
Buick,3.60,6.00,X,11.70,8.20,10.10,
Buick,2.00,4.00,Z,10.60,7.40,9.10,
Buick,2.00,4.00,Z,11.00,8.00,9.60,
Buick,3.60,6.00,X,12.40,8.70,10.70,
Cadillac,3.00,6.00,Z,13.10,9.10,11.30,
Cadillac,3.60,6.00,X,13.00,8.80,11.10,
Cadillac,4.20,8.00,Z,17.30,9.50,13.80,
Cadillac,2.00,4.00,Z,11.00,7.80,9.50,
Cadillac,3.60,6.00,X,12.30,8.20,10.50,
Cadillac,2.00,4.00,Z,11.40,8.10,9.90,
Cadillac,3.60,6.00,X,13.30,9.20,11.50,
Cadillac,3.60,6.00,Z,15.00,9.90,12.70,
Cadillac,6.20,8.00,Z,17.10,11.00,14.30,
Cadillac,6.20,8.00,Z,16.60,10.90,14.00,
Cadillac,2.00,4.00,Z,9.80,7.80,8.90,
Cadillac,2.00,4.00,Z,10.90,8.20,9.70,
Cadillac,3.60,6.00,X,12.10,8.90,10.60,
Cadillac,3.60,6.00,X,12.80,9.30,11.20,
Cadillac,3.60,6.00,X,12.90,8.70,11.00,
Cadillac,3.60,6.00,X,13.70,9.00,11.60,
Cadillac,3.60,6.00,Z,15.00,10.10,12.80,
Chevrolet,2.50,4.00,X,10.80,8.80,9.90,
Chevrolet,3.60,6.00,X,12.00,9.00,10.60,
Chevrolet,3.60,6.00,X,12.70,9.50,11.30,
Chevrolet,2.00,4.00,Z,10.80,7.70,9.40,
Chevrolet,2.00,4.00,Z,11.90,7.90,10.10,
Chevrolet,3.60,6.00,X,12.30,8.20,10.40,
Chevrolet,3.60,6.00,X,14.30,8.80,11.80,
Chevrolet,6.20,8.00,Z,14.50,8.80,12.00,
Chevrolet,6.20,8.00,Z,14.90,9.90,12.60,
Chevrolet,6.20,8.00,Z,18.30,11.20,15.10,
Chevrolet,6.20,8.00,Z,17.20,12.00,14.90,
Chevrolet,2.50,4.00,X,12.10,9.20,10.80,
Chevrolet,2.50,4.00,X,11.90,9.20,10.70,
Chevrolet,2.80,4.00,D,11.80,7.90,10.10,
Chevrolet,3.60,6.00,X,13.40,9.60,11.70,
Chevrolet,2.50,4.00,X,12.70,9.80,11.40,
Chevrolet,2.80,4.00,D,12.20,8.40,10.50,
Chevrolet,3.60,6.00,X,14.00,9.90,12.20,
Chevrolet,2.80,4.00,D,13.30,10.60,12.10,
Chevrolet,3.60,6.00,X,15.00,13.00,14.10,
Chevrolet,6.20,8.00,Z,15.60,9.20,12.70,
Chevrolet,6.20,8.00,Z,14.60,9.30,12.20,
Chevrolet,6.20,8.00,Z,17.20,10.10,14.00,
Chevrolet,6.20,8.00,Z,15.90,10.60,13.50,
Chevrolet,6.20,8.00,Z,19.50,12.00,16.10,
Chevrolet,6.20,8.00,Z,18.20,12.50,15.60,
Chevrolet,1.40,4.00,X,8.30,6.20,7.30,
Chevrolet,1.40,4.00,X,8.30,6.20,7.30,
Chevrolet,1.60,4.00,D,7.60,4.90,6.40,
Chevrolet,1.40,4.00,X,8.30,6.20,7.30,
Chevrolet,1.40,4.00,X,8.50,6.40,7.50,
Chevrolet,1.60,4.00,D,7.80,5.20,6.60,
Chevrolet,1.50,4.00,X,9.20,7.30,8.30,
Chevrolet,1.60,4.00,D,8.50,6.00,7.40,
Chevrolet,1.50,4.00,X,9.30,7.80,8.60,
Chevrolet,1.60,4.00,D,8.50,6.10,7.40,
Chevrolet,2.00,4.00,Z,10.90,8.30,9.70,
Chevrolet,2.50,4.00,X,10.80,8.00,9.60,
Chevrolet,3.60,6.00,X,12.70,8.50,10.80,
Chevrolet,3.60,6.00,E,17.20,11.60,14.60,
Chevrolet,1.50,4.00,X,8.20,6.60,7.50,
Chevrolet,2.00,4.00,Z,10.50,7.40,9.10,
Chevrolet,1.80,4.00,X,4.80,5.50,5.10,
Chevrolet,2.70,4.00,X,11.90,10.30,11.10,
Chevrolet,4.30,6.00,X,15.10,11.50,13.50,
Chevrolet,5.30,8.00,X,15.90,11.40,13.90,
Chevrolet,5.30,8.00,X,15.70,11.90,14.00,
Chevrolet,5.30,8.00,E,21.10,15.00,18.40,
Chevrolet,5.30,8.00,X,14.10,10.20,12.40,
Chevrolet,2.70,4.00,X,12.50,10.80,11.70,
Chevrolet,4.30,6.00,X,15.80,11.90,14.00,
Chevrolet,4.30,6.00,X,16.30,12.90,14.80,
Chevrolet,5.30,8.00,X,15.90,11.70,14.00,
Chevrolet,5.30,8.00,X,16.10,12.50,14.40,
Chevrolet,5.30,8.00,E,22.00,16.10,19.30,
Chevrolet,5.30,8.00,X,16.50,13.00,14.90,
Chevrolet,5.30,8.00,X,14.90,10.80,13.10,
Chevrolet,5.30,8.00,X,15.30,11.80,13.70,
Chevrolet,6.20,8.00,Z,15.00,12.00,13.70,
Chevrolet,5.30,8.00,X,15.60,10.90,13.50,
Chevrolet,5.30,8.00,X,15.80,11.40,13.80,
Chevrolet,1.40,4.00,X,7.90,6.20,7.10,
Chevrolet,1.40,4.00,X,8.00,6.20,7.20,
Chevrolet,5.30,8.00,X,15.70,10.50,13.40,
Chevrolet,5.30,8.00,X,15.70,10.50,13.40,
Chevrolet,5.30,8.00,E,21.20,13.90,17.90,
Chevrolet,5.30,8.00,X,16.80,11.30,14.30,
Chevrolet,5.30,8.00,X,16.80,11.30,14.30,
Chevrolet,5.30,8.00,E,22.20,15.20,19.00,
Chevrolet,6.20,8.00,Z,17.10,11.30,14.50,
Chevrolet,5.30,8.00,X,15.70,10.50,13.40,
Chevrolet,5.30,8.00,X,15.70,10.50,13.40,
Chevrolet,5.30,8.00,E,21.20,13.90,17.90,
Chevrolet,5.30,8.00,X,15.80,11.10,13.70,
Chevrolet,5.30,8.00,X,15.80,11.10,13.70,
Chevrolet,5.30,8.00,E,21.70,14.30,18.40,
Chevrolet,6.20,8.00,Z,16.40,10.70,13.80,
Chevrolet,3.60,6.00,X,13.00,8.80,11.10,
Chevrolet,3.60,6.00,X,13.70,9.50,11.80,
Chevrolet,1.40,4.00,X,9.10,7.60,8.40,
Chevrolet,1.40,4.00,X,9.40,6.90,8.30,
Chevrolet,1.40,4.00,X,9.90,8.10,9.10,
Chrysler,3.60,6.00,X,12.40,7.80,10.30,
Chrysler,3.60,6.00,X,12.40,7.80,10.30,
Chrysler,3.60,6.00,E,17.10,10.60,14.20,
Chrysler,5.70,8.00,X,14.70,9.40,12.30,
Chrysler,3.60,6.00,X,12.80,8.70,11.00,
Chrysler,3.60,6.00,X,12.80,8.70,11.00,
Chrysler,3.60,6.00,E,17.60,12.00,15.00,
Chrysler,3.60,6.00,X,12.90,8.40,10.90,
Chrysler,3.60,6.00,X,12.40,8.40,10.60,
Dodge,3.60,6.00,X,12.40,7.80,10.30,
Dodge,5.70,8.00,Z,15.60,10.10,13.10,
Dodge,6.40,8.00,Z,16.70,10.40,13.90,
Dodge,5.70,8.00,X,14.70,9.40,12.30,
Dodge,6.40,8.00,Z,15.80,9.60,13.00,
Dodge,3.60,6.00,X,12.80,8.70,11.00,
Dodge,6.20,8.00,Z,17.60,10.70,14.50,
Dodge,6.20,8.00,Z,18.10,11.40,15.10,
Dodge,6.20,8.00,Z,17.60,10.70,14.50,
Dodge,3.60,6.00,X,13.70,9.00,11.60,
Dodge,3.60,6.00,X,13.70,9.00,11.60,
Dodge,3.60,6.00,E,18.90,12.70,16.10,
Dodge,3.60,6.00,X,12.40,7.80,10.30,
Dodge,3.60,6.00,X,12.40,7.80,10.30,
Dodge,3.60,6.00,E,17.10,10.60,14.20,
Dodge,5.70,8.00,X,15.60,9.70,12.90,
Dodge,5.70,8.00,X,14.70,9.40,12.30,
Dodge,6.40,8.00,Z,15.80,9.60,13.00,
Dodge,3.60,6.00,X,12.80,8.70,11.00,
Dodge,3.60,6.00,X,12.80,8.70,11.00,
Dodge,3.60,6.00,E,17.60,12.00,15.00,
Dodge,5.70,8.00,X,16.00,10.10,13.30,
Dodge,6.20,8.00,Z,17.60,10.70,14.50,
Dodge,3.60,6.00,X,12.70,9.60,11.30,
Dodge,5.70,8.00,X,16.70,10.90,14.10,
Dodge,6.40,8.00,Z,18.30,12.20,15.60,
Dodge,3.60,6.00,X,13.70,9.40,11.80,
Dodge,3.60,6.00,E,19.40,13.30,16.70,
Dodge,2.40,4.00,X,12.70,9.20,11.10,
Dodge,3.60,6.00,X,14.20,9.50,12.10,
Dodge,3.60,6.00,E,19.10,13.20,16.40,
Dodge,3.60,6.00,X,14.50,10.00,12.40,
FIAT,1.40,4.00,X,9.30,6.50,8.00,
FIAT,1.40,4.00,X,9.00,6.70,7.90,
FIAT,1.40,4.00,X,9.70,7.40,8.70,
FIAT,1.40,4.00,X,8.50,7.10,7.90,
FIAT,1.40,4.00,X,10.70,7.90,9.40,
FIAT,1.30,4.00,X,10.00,7.90,9.10,
Ford,1.00,3.00,X,8.60,8.10,8.40,
Ford,2.00,4.00,X,10.20,8.00,9.30,
Ford,2.00,4.00,X,10.90,8.00,9.60,
Ford,2.00,4.00,X,11.40,8.30,10.00,
Ford,2.70,6.00,X,12.60,9.20,11.00,
Ford,1.50,4.00,X,10.20,7.80,9.10,
Ford,2.50,4.00,X,11.00,8.00,9.60,
Ford,2.50,4.00,E,15.00,10.80,13.10,
Ford,1.50,4.00,X,11.20,8.40,9.90,
Ford,2.00,4.00,X,11.50,8.70,10.20,
Ford,3.50,6.00,X,14.10,10.60,12.50,
Ford,3.50,6.00,X,14.70,11.20,13.10,
Ford,2.30,4.00,X,13.10,9.20,11.40,
Ford,3.50,6.00,X,15.20,10.90,13.20,
Ford,3.50,6.00,X,14.50,10.60,12.70,
Ford,3.50,6.00,E,19.80,14.30,17.30,
Ford,2.70,6.00,X,12.00,9.00,10.60,
Ford,2.70,6.00,X,12.40,9.40,11.10,
Ford,2.70,6.00,X,12.40,9.40,11.10,
Ford,3.00,6.00,D,10.80,8.00,9.50,
Ford,3.00,6.00,D,10.80,8.40,9.70,
Ford,3.30,6.00,X,12.20,9.30,10.90,
Ford,3.30,6.00,E,16.70,12.60,14.90,
Ford,3.30,6.00,X,12.40,9.80,11.20,
Ford,3.30,6.00,E,16.70,12.60,14.90,
Ford,3.50,6.00,X,13.50,10.10,12.00,
Ford,3.50,6.00,X,13.80,10.70,12.40,
Ford,3.50,6.00,X,13.90,11.20,12.70,
Ford,5.00,8.00,X,13.90,10.20,12.20,
Ford,5.00,8.00,E,20.30,14.00,17.40,
Ford,5.00,8.00,X,14.70,11.20,13.10,
Ford,5.00,8.00,E,20.30,14.00,17.50,
Ford,5.00,8.00,X,15.60,11.80,13.90,
Ford,5.00,8.00,E,20.40,14.00,17.50,
Ford,2.70,6.00,X,12.70,9.80,11.40,
Ford,2.70,6.00,X,13.10,10.20,11.80,
Ford,2.70,6.00,X,13.10,10.20,11.80,
Ford,3.00,6.00,D,11.80,9.30,10.70,
Ford,3.00,6.00,D,11.80,9.30,10.70,
Ford,3.00,6.00,D,11.20,8.30,9.90,
Ford,3.30,6.00,X,12.80,10.20,11.60,
Ford,3.30,6.00,E,17.50,13.80,15.80,
Ford,3.30,6.00,X,13.80,10.70,12.40,
Ford,3.30,6.00,E,17.50,13.70,15.80,
Ford,3.50,6.00,X,14.30,10.50,12.50,
Ford,3.50,6.00,X,14.70,10.70,12.90,
Ford,3.50,6.00,X,14.70,11.20,13.10,
Ford,3.50,6.00,X,13.80,11.20,12.60,
Ford,5.00,8.00,X,15.10,11.00,13.30,
Ford,5.00,8.00,E,20.00,15.60,18.00,
Ford,5.00,8.00,X,15.70,11.80,13.90,
Ford,5.00,8.00,E,20.00,15.60,18.00,
Ford,5.00,8.00,X,16.80,12.40,14.80,
Ford,5.00,8.00,E,21.30,17.20,19.50,
Ford,3.50,6.00,X,15.30,13.10,14.30,
Ford,3.50,6.00,X,14.70,10.20,12.70,
Ford,3.50,6.00,X,14.70,10.70,12.90,
Ford,3.50,6.00,X,15.70,11.20,13.70,
Ford,1.60,4.00,X,8.60,6.40,7.60,
Ford,1.60,4.00,X,8.80,6.80,7.90,
Ford,1.60,4.00,X,9.20,7.40,8.40,
Ford,1.50,4.00,X,10.00,7.00,8.70,
Ford,2.00,4.00,X,5.50,5.60,5.60,
Ford,3.50,6.00,Z,20.40,13.10,17.10,
Ford,2.30,4.00,X,11.20,7.30,9.40,
Ford,2.30,4.00,X,11.80,8.40,10.30,
Ford,2.30,4.00,X,11.20,7.90,9.70,
Ford,2.30,4.00,X,11.80,8.70,10.40,
Ford,5.00,8.00,X,15.00,9.10,12.30,
Ford,5.00,8.00,X,16.10,9.90,13.30,
Ford,5.00,8.00,X,16.10,9.90,13.30,
Ford,2.30,4.00,X,11.90,8.40,10.40,
Ford,2.30,4.00,X,11.80,8.40,10.30,
Ford,5.00,8.00,X,15.40,9.70,12.90,
Ford,2.30,4.00,X,11.80,9.80,10.90,
Ford,5.20,8.00,Z,17.20,11.30,14.60,
Ford,3.50,6.00,X,16.20,12.80,14.70,
Ford,3.70,6.00,X,16.90,13.10,15.20,
Ford,3.50,6.00,X,13.50,9.00,11.50,
Ford,3.50,6.00,E,17.80,12.10,15.20,
Ford,3.50,6.00,X,14.60,10.00,12.50,
Ford,3.50,6.00,X,14.00,9.90,12.40,
Ford,3.50,6.00,E,18.50,13.00,16.00,
Ford,2.00,4.00,X,9.80,8.80,9.30,
Ford,2.00,4.00,X,9.80,8.80,9.30,
Ford,2.00,4.00,E,13.30,11.80,12.60,
Ford,2.50,4.00,X,12.00,8.80,10.60,
Ford,2.00,4.00,X,9.90,8.20,9.20,
Ford,2.00,4.00,X,9.90,8.20,9.20,
Ford,2.00,4.00,E,13.70,11.10,12.50,
Ford,2.50,4.00,X,12.10,9.00,10.70,
Genesis,2.00,4.00,Z,12.80,8.50,10.90,
Genesis,2.00,4.00,Z,11.50,8.70,10.30,
Genesis,3.30,6.00,Z,13.30,9.50,11.60,
Genesis,3.30,6.00,Z,13.80,9.70,11.90,
Genesis,3.80,6.00,X,13.40,9.60,11.70,
Genesis,5.00,8.00,Z,15.60,10.40,13.20,
Genesis,3.30,6.00,Z,13.70,9.70,11.90,
Genesis,5.00,8.00,Z,15.20,10.20,13.00,
GMC,2.50,4.00,X,11.10,9.20,10.20,
GMC,3.60,6.00,X,13.10,9.40,11.40,
GMC,2.50,4.00,X,11.30,9.40,10.50,
GMC,3.60,6.00,X,13.50,9.50,11.70,
GMC,2.50,4.00,X,12.10,9.20,10.80,
GMC,2.50,4.00,X,11.90,9.20,10.70,
GMC,2.80,4.00,D,11.80,7.90,10.10,
GMC,3.60,6.00,X,13.40,9.60,11.70,
GMC,2.50,4.00,X,12.70,9.80,11.40,
GMC,2.80,4.00,D,12.20,8.40,10.50,
GMC,3.60,6.00,X,14.00,9.90,12.20,
GMC,2.70,4.00,X,11.90,10.30,11.10,
GMC,4.30,6.00,X,15.10,11.50,13.50,
GMC,5.30,8.00,X,15.90,11.40,13.90,
GMC,5.30,8.00,X,15.70,11.90,14.00,
GMC,5.30,8.00,E,21.10,15.00,18.40,
GMC,5.30,8.00,X,14.30,10.40,12.50,
GMC,2.70,4.00,X,12.60,10.90,11.80,
GMC,4.30,6.00,X,15.80,11.90,14.00,
GMC,5.30,8.00,X,15.90,11.70,14.00,
GMC,5.30,8.00,X,16.00,12.50,14.40,
GMC,5.30,8.00,E,22.00,16.10,19.40,
GMC,5.30,8.00,X,15.30,11.20,13.50,
GMC,5.30,8.00,X,15.30,11.80,13.70,
GMC,6.20,8.00,Z,15.50,11.90,13.90,
GMC,6.20,8.00,Z,15.70,12.40,14.20,
GMC,5.30,8.00,X,15.60,10.90,13.50,
GMC,5.30,8.00,X,15.80,11.40,13.80,
GMC,1.50,4.00,X,9.20,7.90,8.60,
GMC,1.60,4.00,D,8.50,6.00,7.40,
GMC,1.50,4.00,X,9.60,8.30,9.00,
GMC,1.60,4.00,D,8.50,6.10,7.40,
GMC,2.00,4.00,Z,11.20,9.00,10.20,
GMC,5.30,8.00,X,15.70,10.50,13.40,
GMC,5.30,8.00,X,15.70,10.50,13.40,
GMC,5.30,8.00,E,21.20,13.90,17.90,
GMC,5.30,8.00,X,15.80,11.10,13.70,
GMC,5.30,8.00,X,15.80,11.10,13.70,
GMC,5.30,8.00,E,21.70,14.30,18.40,
GMC,6.20,8.00,Z,16.40,10.70,13.80,
GMC,5.30,8.00,X,15.70,10.50,13.40,
GMC,5.30,8.00,X,15.70,10.50,13.40,
GMC,5.30,8.00,E,21.20,13.90,17.90,
GMC,5.30,8.00,X,16.80,11.30,14.30,
GMC,5.30,8.00,X,16.80,11.30,14.30,
GMC,5.30,8.00,E,22.20,15.20,19.00,
GMC,6.20,8.00,Z,17.10,11.30,14.50,
Honda,1.50,4.00,X,7.90,6.30,7.20,
Honda,1.50,4.00,X,8.20,6.80,7.60,
Honda,1.50,4.00,X,8.90,6.70,7.90,
Honda,2.00,4.00,X,10.70,7.30,9.20,
Honda,2.00,4.00,X,10.40,7.40,9.10,
Honda,2.00,4.00,X,5.00,5.00,5.00,
Honda,1.50,4.00,X,7.80,6.40,7.20,
Honda,2.00,4.00,X,7.80,6.10,7.10,
Honda,2.00,4.00,X,8.30,6.60,7.50,
Honda,2.00,4.00,X,9.30,6.70,8.10,
Honda,1.50,4.00,Z,8.40,6.20,7.40,
Honda,1.50,4.00,X,7.70,6.00,6.90,
Honda,1.50,4.00,X,7.90,6.60,7.30,
Honda,1.50,4.00,X,8.00,6.20,7.20,
Honda,1.50,4.00,Z,7.90,6.60,7.30,
Honda,1.50,4.00,Z,8.00,6.20,7.20,
Honda,1.50,4.00,X,7.80,6.20,7.10,
Honda,2.00,4.00,X,7.90,6.10,7.10,
Honda,2.00,4.00,X,9.30,6.50,8.00,
Honda,1.50,4.00,Z,8.40,6.20,7.40,
Honda,2.00,4.00,Z,10.60,8.30,9.60,
Honda,1.50,4.00,X,8.40,7.00,7.80,
Honda,1.50,4.00,X,8.70,7.20,8.00,
Honda,1.50,4.00,X,7.00,5.90,6.50,
Honda,1.50,4.00,X,7.60,6.50,7.00,
Honda,1.50,4.00,X,8.10,6.60,7.40,
Honda,1.80,4.00,X,8.40,7.00,7.80,
Honda,1.80,4.00,X,8.80,7.50,8.20,
Honda,1.80,4.00,X,9.10,7.70,8.50,
Honda,1.50,4.00,X,4.60,5.30,4.90,
Honda,1.50,4.00,X,4.60,5.30,4.90,
Honda,3.50,6.00,X,12.60,8.40,10.70,
Honda,3.50,6.00,X,12.20,8.50,10.60,
Honda,3.50,6.00,X,12.50,9.80,11.30,
Honda,3.50,6.00,X,12.40,8.70,10.70,
Honda,3.50,6.00,X,13.00,9.30,11.30,
Honda,3.50,6.00,X,12.40,9.30,11.00,
Honda,3.50,6.00,X,12.80,9.50,11.30,
Hyundai,1.60,4.00,X,8.20,6.20,7.30,
Hyundai,1.60,4.00,X,8.20,6.30,7.30,
Hyundai,1.60,4.00,X,8.90,7.00,8.10,
Hyundai,1.60,4.00,X,10.70,7.80,9.40,
Hyundai,2.00,4.00,X,8.30,6.40,7.40,
Hyundai,2.00,4.00,X,9.20,6.50,8.00,
Hyundai,1.60,4.00,X,9.70,7.40,8.60,
Hyundai,1.60,4.00,X,10.30,7.90,9.20,
Hyundai,2.00,4.00,X,9.40,7.10,8.40,
Hyundai,2.00,4.00,X,9.80,7.40,8.70,
Hyundai,1.60,4.00,X,4.30,4.40,4.30,
Hyundai,1.60,4.00,X,4.20,4.00,4.10,
Hyundai,2.00,4.00,X,8.60,7.00,7.90,
Hyundai,1.60,4.00,X,9.00,8.00,8.60,
Hyundai,2.00,4.00,X,9.20,7.80,8.60,
Hyundai,2.40,4.00,X,10.80,8.00,9.60,
Hyundai,2.00,4.00,X,12.30,9.80,11.20,
Hyundai,2.40,4.00,X,11.20,8.70,10.10,
Hyundai,3.30,6.00,X,13.20,9.40,11.50,
Hyundai,3.30,6.00,X,13.40,9.70,11.70,
Hyundai,3.30,6.00,X,14.10,10.80,12.60,
Hyundai,2.00,4.00,X,10.40,7.40,9.10,
Hyundai,2.40,4.00,X,9.30,7.10,8.30,
Hyundai,2.40,4.00,X,9.20,6.80,8.10,
Hyundai,2.00,4.00,X,6.00,5.30,5.70,
Hyundai,2.00,4.00,X,5.90,5.10,5.60,
Hyundai,2.00,4.00,X,10.00,7.90,9.10,
Hyundai,2.00,4.00,X,10.80,9.20,10.10,
Hyundai,2.40,4.00,X,11.00,9.10,10.10,
Hyundai,2.00,4.00,X,9.10,7.10,8.20,
Hyundai,2.00,4.00,X,9.40,7.10,8.40,
Hyundai,2.00,4.00,X,10.60,8.30,9.50,
Hyundai,1.60,4.00,X,8.50,6.90,7.80,
Hyundai,1.60,4.00,X,9.40,7.00,8.30,
Infiniti,2.00,4.00,Z,10.70,8.60,9.70,
Infiniti,3.00,6.00,Z,12.40,8.70,10.80,
Infiniti,3.00,6.00,Z,12.50,9.30,11.10,
Infiniti,2.00,4.00,Z,11.20,8.50,10.00,
Infiniti,3.00,6.00,Z,12.30,8.70,10.70,
Infiniti,3.00,6.00,Z,12.50,9.20,11.00,
Infiniti,3.70,6.00,Z,13.20,9.80,11.70,
Infiniti,5.60,8.00,Z,14.90,10.20,12.80,
Infiniti,2.00,4.00,Z,10.00,7.80,9.00,
Infiniti,3.50,6.00,Z,12.50,9.00,10.90,
Infiniti,5.60,8.00,Z,17.40,12.20,15.10,
Jaguar,2.00,4.00,Z,11.00,8.40,9.80,
Jaguar,2.00,4.00,D,8.90,7.20,8.10,
Jaguar,2.00,4.00,Z,10.70,8.80,9.90,
Jaguar,3.00,6.00,Z,13.30,10.00,11.80,
Jaguar,2.00,4.00,Z,10.20,7.80,9.20,
Jaguar,3.00,6.00,Z,11.90,8.50,10.40,
Jaguar,3.00,6.00,Z,14.90,9.80,12.60,
Jaguar,3.00,6.00,Z,12.40,8.80,10.80,
Jaguar,3.00,6.00,Z,15.30,10.00,12.90,
Jaguar,3.00,6.00,Z,13.00,9.20,11.30,
Jaguar,2.00,4.00,Z,10.20,7.80,9.20,
Jaguar,3.00,6.00,Z,11.90,8.50,10.40,
Jaguar,3.00,6.00,Z,14.90,9.80,12.60,
Jaguar,3.00,6.00,Z,12.40,8.80,10.80,
Jaguar,3.00,6.00,Z,15.30,10.00,12.90,
Jaguar,3.00,6.00,Z,13.00,9.20,11.30,
Jaguar,5.00,8.00,Z,15.60,10.40,13.30,
Jaguar,5.00,8.00,Z,15.60,10.40,13.30,
Jaguar,2.00,4.00,D,7.80,5.80,6.90,
Jaguar,2.00,4.00,Z,9.80,6.90,8.50,
Jaguar,3.00,6.00,Z,11.80,8.20,10.20,
Jaguar,2.00,4.00,D,7.80,5.80,6.90,
Jaguar,2.00,4.00,Z,10.10,7.20,8.80,
Jaguar,3.00,6.00,Z,12.00,8.40,10.40,
Jaguar,3.00,6.00,Z,14.00,9.00,11.80,
Jaguar,3.00,6.00,Z,14.00,9.40,11.90,
Jaguar,5.00,8.00,Z,15.80,10.30,13.30,
Jeep,2.00,4.00,X,10.40,7.60,9.10,
Jeep,2.40,4.00,X,10.80,7.60,9.30,
Jeep,3.20,6.00,X,11.90,8.20,10.20,
Jeep,2.00,4.00,X,11.20,8.00,9.80,
Jeep,2.40,4.00,X,11.20,8.00,9.80,
Jeep,3.20,6.00,X,12.20,8.60,10.60,
Jeep,2.00,4.00,X,11.50,8.60,10.20,
Jeep,3.20,6.00,X,12.80,9.00,11.10,
Jeep,2.00,4.00,X,11.80,9.20,10.60,
Jeep,3.20,6.00,X,12.90,9.90,11.60,
Jeep,2.40,4.00,X,10.60,7.60,9.30,
Jeep,2.40,4.00,X,10.40,7.30,9.00,
Jeep,2.40,4.00,X,10.80,7.80,9.50,
Jeep,2.40,4.00,X,10.80,7.60,9.40,
Jeep,3.60,6.00,X,12.70,9.60,11.30,
Jeep,5.70,8.00,X,16.70,10.90,14.10,
Jeep,3.00,6.00,D,11.20,8.50,10.00,
Jeep,6.40,8.00,Z,18.30,12.60,15.70,
Jeep,6.20,8.00,Z,20.90,13.80,17.70,
Jeep,1.30,4.00,X,9.80,7.40,8.70,
Jeep,2.40,4.00,X,10.80,7.80,9.50,
Jeep,1.30,4.00,X,10.10,8.10,9.20,
Jeep,2.40,4.00,X,11.20,8.20,9.80,
Jeep,1.30,4.00,X,10.80,8.70,9.90,
Jeep,2.00,4.00,X,10.50,9.40,10.00,
Jeep,3.60,6.00,X,12.80,10.40,11.80,
Jeep,3.60,6.00,X,13.70,9.60,11.80,
Jeep,2.00,4.00,X,10.90,10.00,10.50,
Jeep,3.60,6.00,X,12.90,10.20,11.70,
Jeep,3.60,6.00,X,13.80,10.10,12.20,
Kia,3.30,6.00,X,11.60,8.50,10.20,
Kia,2.00,4.00,X,7.70,5.90,6.90,
Kia,2.00,4.00,X,8.60,6.40,7.60,
Kia,1.60,4.00,X,4.60,5.10,4.80,
Kia,1.60,4.00,X,4.50,4.80,4.70,
Kia,1.60,4.00,X,5.10,5.80,5.40,
Kia,2.00,4.00,X,11.20,7.90,9.70,
Kia,2.40,4.00,X,9.50,7.10,8.40,
Kia,2.00,4.00,X,6.10,5.20,5.70,
Kia,1.60,4.00,X,8.50,6.40,7.50,
Kia,1.60,4.00,X,8.30,6.40,7.50,
Kia,3.30,6.00,X,12.70,10.00,11.50,
Kia,2.40,4.00,X,10.70,8.20,9.60,
Kia,2.40,4.00,X,11.20,9.00,10.20,
Kia,3.30,6.00,X,12.50,9.70,11.20,
Kia,1.60,4.00,X,9.10,7.70,8.50,
Kia,1.60,4.00,X,9.00,7.60,8.40,
Kia,2.00,4.00,X,9.50,7.80,8.70,
Kia,2.40,4.00,X,10.30,7.80,9.20,
Kia,2.00,4.00,X,11.90,10.20,11.10,
Kia,2.40,4.00,X,11.30,9.50,10.50,
Kia,2.00,4.00,Z,11.10,8.10,9.70,
Kia,3.30,6.00,Z,13.60,9.60,11.80,
Lamborghini,6.50,12.00,Z,26.30,15.60,21.50,
Lamborghini,6.50,12.00,Z,26.60,15.80,21.70,
Lamborghini,5.20,10.00,Z,18.10,13.20,15.90,
Lamborghini,5.20,10.00,Z,17.90,13.00,15.70,
Lamborghini,5.20,10.00,Z,18.10,13.20,15.90,
Lamborghini,5.20,10.00,Z,17.90,13.00,15.70,
Lamborghini,5.20,10.00,Z,17.90,13.00,15.70,
Lamborghini,5.20,10.00,Z,17.90,13.00,15.70,
Lamborghini,4.00,8.00,Z,19.20,14.10,16.90,
Land Rover,3.00,6.00,Z,14.80,11.40,13.30,
Land Rover,3.00,6.00,D,11.30,9.20,10.40,
Land Rover,2.00,4.00,Z,11.40,9.30,10.50,
Land Rover,3.00,6.00,Z,14.10,10.30,12.40,
Land Rover,3.00,6.00,D,10.70,8.30,9.60,
Land Rover,5.00,8.00,Z,14.40,11.30,13.00,
Land Rover,5.00,8.00,Z,17.90,12.70,15.50,
Land Rover,3.00,6.00,Z,14.10,10.30,12.40,
Land Rover,3.00,6.00,D,10.70,8.30,9.60,
Land Rover,5.00,8.00,Z,14.10,10.70,12.60,
Land Rover,2.00,4.00,Z,10.90,8.00,9.60,
Land Rover,2.00,4.00,Z,11.20,8.20,9.80,
Land Rover,2.00,4.00,D,9.20,7.80,8.50,
Land Rover,2.00,4.00,Z,11.70,9.20,10.60,
Land Rover,3.00,6.00,Z,13.00,10.00,11.60,
Lexus,2.50,4.00,X,5.50,5.20,5.30,
Lexus,3.50,6.00,X,10.60,7.20,9.10,
Lexus,3.50,6.00,X,10.90,7.50,9.40,
Lexus,3.50,6.00,Z,12.30,9.10,10.90,
Lexus,5.00,8.00,Z,14.90,9.70,12.50,
Lexus,4.60,8.00,Z,16.00,12.90,14.60,
Lexus,2.00,4.00,Z,11.00,7.60,9.50,
Lexus,3.50,6.00,Z,12.30,9.10,10.90,
Lexus,3.50,6.00,Z,12.30,9.10,10.90,
Lexus,5.00,8.00,Z,15.10,9.50,12.60,
Lexus,3.50,6.00,Z,9.00,7.10,8.10,
Lexus,3.40,6.00,Z,13.10,8.70,11.10,
Lexus,3.50,6.00,Z,10.30,7.70,9.10,
Lexus,5.70,8.00,Z,18.20,12.80,15.80,
Lexus,2.00,4.00,Z,10.70,8.50,9.70,
Lexus,2.00,4.00,Z,10.80,8.90,9.90,
Lexus,2.50,4.00,X,7.20,7.90,7.50,
Lexus,3.50,6.00,Z,13.10,9.80,11.20,
Lexus,3.50,6.00,Z,13.10,9.80,11.20,
Lexus,5.00,8.00,Z,15.20,9.50,12.60,
Lexus,3.50,6.00,X,12.20,9.00,10.80,
Lexus,3.50,6.00,X,13.10,9.40,11.10,
Lexus,3.50,6.00,Z,7.50,8.40,7.90,
Lexus,3.50,6.00,Z,8.10,8.40,8.10,
Lexus,2.00,4.00,X,8.00,6.30,7.20,
Lexus,2.00,4.00,X,5.50,5.70,5.60,
Lexus,2.00,4.00,X,5.70,6.20,6.00,
Lincoln,2.70,6.00,X,14.00,9.40,12.00,
Lincoln,3.00,6.00,X,14.50,9.80,12.30,
Lincoln,3.70,6.00,X,14.30,9.70,12.20,
Lincoln,2.00,4.00,X,12.30,9.30,11.00,
Lincoln,2.00,4.00,X,12.20,9.30,10.90,
Lincoln,2.30,4.00,X,13.10,9.50,11.50,
Lincoln,3.50,6.00,X,15.70,11.20,13.70,
Lincoln,3.70,6.00,X,14.70,10.30,12.70,
Lincoln,2.00,4.00,X,12.10,8.40,10.40,
Lincoln,3.00,6.00,X,14.00,9.20,11.80,
Lincoln,2.00,4.00,X,5.70,6.20,5.90,
Lincoln,2.70,6.00,X,12.60,9.20,11.00,
Lincoln,3.50,6.00,X,15.00,11.40,13.40,
Maserati,3.00,6.00,Z,14.10,9.80,12.20,
Maserati,3.00,6.00,Z,14.70,9.90,12.60,
Maserati,3.00,6.00,Z,14.70,9.90,12.60,
Maserati,4.70,8.00,Z,17.80,11.60,15.00,
Maserati,3.00,6.00,Z,15.90,11.10,13.70,
Maserati,3.00,6.00,Z,16.10,11.40,14.00,
Maserati,3.80,8.00,Z,17.90,12.90,15.30,
Maserati,3.80,8.00,Z,17.90,12.90,15.30,
Maserati,3.00,6.00,Z,15.10,10.30,12.80,
Maserati,3.00,6.00,Z,15.00,10.30,12.80,
Maserati,3.80,8.00,Z,16.00,10.80,13.70,
Mazda,2.00,4.00,X,8.30,6.90,7.70,
Mazda,2.00,4.00,X,8.80,7.00,8.00,
Mazda,2.00,4.00,X,8.60,7.40,8.10,
Mazda,2.00,4.00,X,9.70,7.70,8.80,
Mazda,2.50,4.00,X,9.70,7.80,8.80,
Mazda,2.50,4.00,X,9.30,7.60,8.50,
Mazda,2.50,4.00,X,10.20,8.20,9.30,
Mazda,2.50,4.00,X,9.80,7.90,9.00,
Mazda,2.50,4.00,X,10.80,8.70,9.80,
Mazda,2.20,4.00,D,8.90,7.90,8.40,
Mazda,2.50,4.00,X,10.60,8.40,9.60,
Mazda,2.50,4.00,X,11.60,9.10,10.50,
Mazda,2.00,4.00,X,8.40,6.60,7.60,
Mazda,2.00,4.00,X,8.70,6.40,7.70,
Mazda,2.50,4.00,X,8.80,6.40,7.70,
Mazda,2.50,4.00,X,8.80,6.60,7.80,
Mazda,2.50,4.00,X,9.20,7.00,8.20,
Mazda,2.00,4.00,X,8.60,6.70,7.70,
Mazda,2.00,4.00,X,8.70,6.60,7.80,
Mazda,2.50,4.00,X,9.00,6.80,8.00,
Mazda,2.50,4.00,X,9.20,6.60,8.10,
Mazda,2.50,4.00,X,9.80,7.40,8.70,
Mazda,2.50,4.00,X,9.10,6.70,8.00,
Mazda,2.50,4.00,X,10.00,7.50,8.90,
Mazda,2.00,4.00,Z,9.00,6.60,7.90,
Mazda,2.00,4.00,Z,9.00,7.00,8.10,
Mercedes-Benz,2.00,4.00,Z,9.70,6.80,8.40,
Mercedes-Benz,2.00,4.00,Z,9.60,7.10,8.50,
Mercedes-Benz,2.00,4.00,Z,9.40,6.80,8.30,
Mercedes-Benz,2.00,4.00,Z,9.90,7.00,8.60,
Mercedes-Benz,3.00,6.00,Z,12.40,8.70,10.70,
Mercedes-Benz,3.00,6.00,Z,12.70,9.20,11.20,
Mercedes-Benz,3.00,6.00,Z,12.90,8.80,11.10,
Mercedes-Benz,3.00,6.00,Z,12.40,8.90,10.80,
Mercedes-Benz,4.00,8.00,Z,13.20,8.70,11.20,
Mercedes-Benz,4.00,8.00,Z,13.20,8.70,11.20,
Mercedes-Benz,4.00,8.00,Z,13.90,9.70,12.00,
Mercedes-Benz,4.00,8.00,Z,13.90,9.20,11.80,
Mercedes-Benz,2.00,4.00,Z,10.30,7.90,9.20,
Mercedes-Benz,3.00,6.00,Z,12.40,8.70,10.70,
Mercedes-Benz,3.00,6.00,Z,11.20,8.30,9.90,
Mercedes-Benz,3.00,6.00,Z,12.50,9.00,10.90,
Mercedes-Benz,3.00,6.00,Z,12.30,8.50,10.60,
Mercedes-Benz,3.00,6.00,Z,11.50,8.60,10.20,
Mercedes-Benz,4.00,8.00,Z,16.00,10.50,13.50,
Mercedes-Benz,4.00,8.00,Z,14.60,10.40,12.70,
Mercedes-Benz,4.00,8.00,Z,18.10,15.60,17.00,
Mercedes-Benz,2.00,4.00,Z,10.70,8.30,9.60,
Mercedes-Benz,3.00,6.00,Z,12.50,9.60,11.20,
Mercedes-Benz,3.00,6.00,Z,12.60,9.70,11.30,
Mercedes-Benz,4.00,8.00,Z,15.00,10.90,13.20,
Mercedes-Benz,4.00,8.00,Z,15.00,10.90,13.20,
Mercedes-Benz,3.00,6.00,Z,14.00,10.60,12.40,
Mercedes-Benz,3.00,6.00,Z,14.10,10.90,12.60,
Mercedes-Benz,4.70,8.00,Z,17.70,13.40,15.80,
Mercedes-Benz,4.70,8.00,Z,17.20,12.80,15.20,
Mercedes-Benz,4.70,8.00,Z,17.80,13.20,15.70,
Mercedes-Benz,3.00,6.00,Z,12.40,9.80,11.20,
Mercedes-Benz,4.00,8.00,Z,15.50,11.50,13.70,
Mercedes-Benz,4.00,8.00,Z,15.60,11.50,13.70,
Mercedes-Benz,4.00,8.00,Z,15.30,11.40,13.50,
Mercedes-Benz,4.00,8.00,Z,15.20,11.40,13.50,
Mercedes-Benz,4.00,8.00,Z,15.90,11.80,14.00,
Mercedes-Benz,4.00,8.00,Z,14.10,8.90,11.80,
Mercedes-Benz,4.00,8.00,Z,15.80,9.80,13.10,
Mercedes-Benz,4.00,8.00,Z,14.00,8.70,11.60,
Mercedes-Benz,6.00,12.00,Z,18.60,10.90,15.10,
Mercedes-Benz,6.00,12.00,Z,17.10,11.00,14.30,
Mercedes-Benz,6.00,12.00,Z,17.60,11.00,14.60,
Mercedes-Benz,5.50,8.00,Z,15.30,10.20,13.00,
Mercedes-Benz,3.00,6.00,Z,11.80,8.20,10.20,
Mercedes-Benz,2.00,4.00,Z,9.80,6.80,8.40,
Mercedes-Benz,2.00,4.00,Z,10.30,7.80,9.10,
Mercedes-Benz,2.00,4.00,Z,11.00,7.30,9.40,
Mercedes-Benz,2.00,4.00,Z,11.30,8.10,9.90,
Mercedes-Benz,2.00,4.00,Z,10.90,7.70,9.50,
Mercedes-Benz,2.00,4.00,Z,10.90,7.70,9.50,
Mercedes-Benz,2.00,4.00,Z,9.60,6.60,8.20,
Mercedes-Benz,2.00,4.00,Z,9.90,7.30,8.70,
Mercedes-Benz,3.00,6.00,Z,11.30,7.90,9.80,
Mercedes-Benz,2.00,4.00,Z,11.00,8.10,9.70,
Mercedes-Benz,3.00,6.00,Z,11.80,8.50,10.30,
Mercedes-Benz,3.00,6.00,Z,12.70,10.10,11.60,
Mercedes-Benz,3.00,6.00,Z,12.50,9.10,11.00,
Mercedes-Benz,3.00,6.00,Z,12.30,8.90,10.80,
Mercedes-Benz,4.00,8.00,Z,18.00,14.10,16.30,
Mercedes-Benz,2.00,4.00,Z,10.10,7.60,9.00,
Mercedes-Benz,2.00,4.00,Z,11.00,8.70,10.00,
Mercedes-Benz,2.00,4.00,Z,10.80,9.00,10.00,
Mercedes-Benz,3.00,6.00,Z,13.50,10.30,12.10,
Mercedes-Benz,3.00,6.00,Z,14.90,11.20,13.20,
Mercedes-Benz,4.70,8.00,Z,17.20,12.60,15.10,
Mercedes-Benz,4.00,8.00,Z,14.40,9.50,12.20,
Mercedes-Benz,6.00,12.00,Z,18.40,11.10,15.10,
Mercedes-Benz,2.00,4.00,Z,11.50,9.80,10.70,
Mercedes-Benz,2.00,4.00,Z,11.30,9.60,10.50,
Mercedes-Benz,2.00,4.00,Z,12.30,10.30,11.40,
Mercedes-Benz,3.00,6.00,Z,12.80,8.50,10.80,
Mercedes-Benz,4.00,8.00,Z,13.80,9.20,11.70,
Mercedes-Benz,4.00,8.00,Z,13.50,8.60,11.30,
Mercedes-Benz,4.00,8.00,Z,13.50,8.60,11.30,
Mercedes-Benz,3.00,6.00,Z,11.80,8.50,10.30,
Mercedes-Benz,4.70,8.00,Z,13.50,9.30,11.60,
Mercedes-Benz,2.00,4.00,Z,10.00,7.30,8.80,
MINI,1.50,3.00,Z,8.80,6.80,7.90,
MINI,1.50,3.00,Z,8.50,6.20,7.50,
MINI,1.50,3.00,Z,8.80,6.80,7.90,
MINI,1.50,3.00,Z,8.40,6.30,7.50,
MINI,1.50,3.00,Z,10.20,7.60,9.00,
MINI,1.50,3.00,Z,10.50,7.40,9.10,
MINI,1.50,3.00,Z,8.80,6.80,7.90,
MINI,1.50,3.00,Z,8.40,6.30,7.50,
MINI,1.50,3.00,Z,10.30,7.90,9.20,
MINI,1.50,3.00,Z,10.50,7.40,9.10,
MINI,2.00,4.00,Z,9.30,7.30,8.40,
MINI,2.00,4.00,Z,10.20,7.40,9.00,
MINI,2.00,4.00,Z,9.30,7.30,8.40,
MINI,2.00,4.00,Z,10.20,7.40,9.00,
MINI,2.00,4.00,Z,10.40,7.60,9.20,
MINI,2.00,4.00,Z,11.40,7.70,9.70,
MINI,2.00,4.00,Z,9.40,7.20,8.40,
MINI,2.00,4.00,Z,10.20,7.40,9.00,
MINI,2.00,4.00,Z,10.50,7.60,9.20,
MINI,2.00,4.00,Z,11.30,7.80,9.70,
MINI,2.00,4.00,Z,9.30,7.30,8.40,
MINI,2.00,4.00,Z,10.20,7.40,9.00,
MINI,2.00,4.00,Z,10.40,7.60,9.20,
MINI,2.00,4.00,Z,11.40,7.70,9.70,
MINI,2.00,4.00,Z,9.40,7.20,8.40,
MINI,2.00,4.00,Z,10.80,7.70,9.40,
MINI,2.00,4.00,Z,10.60,7.80,9.30,
MINI,2.00,4.00,Z,11.30,7.80,9.70,
Mitsubishi,1.50,4.00,X,9.60,8.90,9.30,
Mitsubishi,1.20,3.00,X,6.60,5.60,6.20,
Mitsubishi,1.20,3.00,X,7.10,5.80,6.50,
Mitsubishi,1.20,3.00,X,6.90,5.70,6.40,
Mitsubishi,1.20,3.00,X,7.20,5.90,6.60,
Mitsubishi,2.40,4.00,X,9.90,8.10,9.10,
Mitsubishi,3.00,6.00,Z,12.00,8.80,10.60,
Mitsubishi,2.00,4.00,X,9.70,7.80,8.80,
Mitsubishi,2.00,4.00,X,10.10,8.20,9.20,
Mitsubishi,2.40,4.00,X,10.30,8.30,9.40,
Nissan,3.70,6.00,Z,12.60,9.30,11.10,
Nissan,3.70,6.00,Z,13.30,9.30,11.50,
Nissan,3.70,6.00,Z,13.00,9.70,11.50,
Nissan,3.70,6.00,Z,13.60,9.70,11.80,
Nissan,2.50,4.00,X,8.60,6.10,7.40,
Nissan,2.00,4.00,X,9.10,6.90,8.10,
Nissan,2.50,4.00,X,8.50,6.30,7.50,
Nissan,2.50,4.00,X,9.10,6.50,7.90,
Nissan,2.50,4.00,X,9.30,6.70,8.10,
Nissan,5.60,8.00,X,17.70,12.90,15.50,
Nissan,2.50,4.00,X,13.70,10.70,12.30,
Nissan,4.00,6.00,X,14.70,10.30,12.70,
Nissan,4.00,6.00,X,15.80,11.50,13.90,
Nissan,4.00,6.00,X,15.10,11.50,13.50,
Nissan,3.80,6.00,Z,14.20,10.70,12.60,
Nissan,1.60,4.00,X,7.70,6.60,7.20,
Nissan,3.50,6.00,Z,11.60,7.90,9.90,
Nissan,1.60,4.00,X,9.00,6.80,8.00,
Nissan,1.60,4.00,X,8.70,6.80,7.90,
Nissan,3.50,6.00,X,11.70,8.30,10.20,
Nissan,3.50,6.00,X,11.70,8.50,10.30,
Nissan,2.00,4.00,X,9.80,8.80,9.30,
Nissan,3.50,6.00,X,11.60,8.50,10.20,
Nissan,3.50,6.00,X,12.10,8.90,10.70,
Nissan,3.50,6.00,X,12.40,9.20,11.00,
Nissan,2.00,4.00,X,8.60,7.20,8.00,
Nissan,2.00,4.00,X,10.10,8.10,9.20,
Nissan,2.00,4.00,X,9.10,7.60,8.40,
Nissan,2.50,4.00,X,9.10,7.10,8.20,
Nissan,2.50,4.00,X,9.60,7.50,8.70,
Nissan,1.80,4.00,X,8.10,6.30,7.30,
Nissan,1.80,4.00,X,8.80,6.60,7.80,
Nissan,1.60,4.00,Z,8.90,7.30,8.20,
Nissan,1.60,4.00,Z,9.10,7.30,8.30,
Nissan,1.60,4.00,Z,9.40,7.80,8.70,
Nissan,1.60,4.00,Z,9.50,7.60,8.70,
Nissan,5.60,8.00,X,15.00,11.20,13.30,
Nissan,5.60,8.00,X,15.20,11.10,13.40,
Nissan,5.60,8.00,X,15.90,11.90,14.10,
Nissan,1.60,4.00,X,7.60,6.20,7.00,
Nissan,1.60,4.00,X,8.60,6.60,7.70,
Porsche,3.00,6.00,Z,10.60,8.00,9.40,
Porsche,3.00,6.00,Z,11.80,8.10,10.10,
Porsche,3.00,6.00,Z,10.80,8.30,9.70,
Porsche,3.00,6.00,Z,12.00,8.20,10.30,
Porsche,3.00,6.00,Z,11.50,9.10,10.40,
Porsche,3.00,6.00,Z,13.00,8.90,11.20,
Porsche,3.00,6.00,Z,11.80,9.20,10.70,
Porsche,3.00,6.00,Z,12.70,9.00,11.00,
Porsche,3.00,6.00,Z,10.80,8.30,9.70,
Porsche,3.00,6.00,Z,12.10,8.30,10.30,
Porsche,3.00,6.00,Z,10.80,8.40,9.70,
Porsche,3.00,6.00,Z,12.10,8.30,10.40,
Porsche,3.00,6.00,Z,11.90,9.10,10.60,
Porsche,3.00,6.00,Z,14.60,9.40,12.30,
Porsche,3.00,6.00,Z,10.70,8.30,9.60,
Porsche,3.00,6.00,Z,12.10,8.30,10.40,
Porsche,3.00,6.00,Z,11.00,8.40,9.80,
Porsche,3.00,6.00,Z,12.20,8.50,10.50,
Porsche,3.00,6.00,Z,11.80,9.20,10.60,
Porsche,3.00,6.00,Z,12.80,8.90,11.00,
Porsche,3.00,6.00,Z,11.90,9.30,10.70,
Porsche,3.00,6.00,Z,12.90,9.10,11.20,
Porsche,3.00,6.00,Z,11.10,8.50,9.90,
Porsche,3.00,6.00,Z,12.10,8.40,10.40,
Porsche,3.00,6.00,Z,11.00,8.50,9.90,
Porsche,3.00,6.00,Z,12.20,8.50,10.50,
Porsche,3.80,6.00,Z,15.30,11.20,13.50,
Porsche,4.00,6.00,Z,15.80,11.70,13.90,
Porsche,4.00,6.00,Z,18.00,11.50,15.10,
Porsche,4.00,6.00,Z,16.10,12.20,14.40,
Porsche,4.00,6.00,Z,16.40,11.20,14.10,
Porsche,4.00,6.00,Z,17.40,12.40,15.10,
Porsche,3.00,6.00,Z,10.90,8.40,9.80,
Porsche,3.00,6.00,Z,12.20,8.50,10.50,
Porsche,3.00,6.00,Z,12.10,9.20,10.80,
Porsche,3.00,6.00,Z,13.20,9.20,11.40,
Porsche,3.00,6.00,Z,11.10,8.60,10.00,
Porsche,3.00,6.00,Z,12.20,8.50,10.50,
Porsche,3.80,6.00,Z,12.60,9.90,11.40,
Porsche,3.80,6.00,Z,12.70,9.90,11.40,
Porsche,3.80,6.00,Z,12.60,9.90,11.40,
Porsche,3.80,6.00,Z,12.70,9.90,11.40,
Porsche,3.80,6.00,Z,14.30,10.90,12.70,
Porsche,2.00,4.00,Z,10.50,8.00,9.40,
Porsche,2.00,4.00,Z,11.00,8.30,9.80,
Porsche,2.50,4.00,Z,11.80,9.20,10.60,
Porsche,2.50,4.00,Z,12.30,9.40,11.00,
Porsche,2.50,4.00,Z,11.10,8.40,9.90,
Porsche,2.50,4.00,Z,12.10,9.00,10.70,
Porsche,3.00,6.00,Z,12.50,10.00,11.40,
Porsche,2.90,6.00,Z,12.90,10.40,11.80,
Porsche,4.00,8.00,Z,15.60,12.40,14.10,
Porsche,2.00,4.00,Z,10.50,8.00,9.40,
Porsche,2.00,4.00,Z,11.00,8.30,9.80,
Porsche,2.50,4.00,Z,11.80,9.20,10.60,
Porsche,2.50,4.00,Z,12.30,9.40,11.00,
Porsche,2.50,4.00,Z,11.10,8.40,9.90,
Porsche,2.50,4.00,Z,12.10,9.00,10.70,
Porsche,2.00,4.00,Z,12.20,10.20,11.30,
Porsche,3.00,6.00,Z,12.90,10.20,11.70,
Porsche,3.00,6.00,Z,12.40,8.70,10.70,
Porsche,3.00,6.00,Z,12.40,9.00,10.90,
Porsche,3.00,6.00,Z,12.40,9.00,10.90,
Porsche,3.00,6.00,Z,12.20,8.90,10.70,
Porsche,2.90,6.00,Z,13.10,8.90,11.20,
Porsche,2.90,6.00,Z,13.10,8.90,11.20,
Porsche,2.90,6.00,Z,13.10,9.80,11.60,
Porsche,4.00,8.00,Z,14.50,10.20,12.60,
Porsche,4.00,8.00,Z,15.70,10.50,13.40,
Porsche,4.00,8.00,Z,12.80,9.20,11.20,
Porsche,4.00,8.00,Z,12.80,9.20,11.20,
Porsche,4.00,8.00,Z,13.40,10.10,11.90,
Ram,3.60,6.00,X,11.90,9.40,10.80,
Ram,3.60,6.00,X,11.60,9.00,10.40,
Ram,5.70,8.00,X,16.20,10.50,13.60,
Ram,5.70,8.00,X,14.10,10.30,12.40,
Ram,3.60,6.00,X,12.20,9.70,11.10,
Ram,5.70,8.00,X,16.10,11.00,13.80,
Ram,5.70,8.00,X,14.30,11.10,12.90,
Ram,3.00,6.00,D,11.80,8.60,10.40,
Ram,3.60,6.00,X,13.90,9.60,11.90,
Ram,3.60,6.00,E,19.70,13.80,17.00,
Ram,5.70,8.00,X,17.00,12.00,14.80,
Ram,5.70,8.00,X,15.70,11.00,13.60,
Ram,3.00,6.00,D,12.30,8.80,10.80,
Ram,3.60,6.00,X,14.50,10.20,12.60,
Ram,3.60,6.00,E,20.70,14.70,18.00,
Ram,5.70,8.00,X,18.70,13.30,16.30,
Ram,5.70,8.00,X,16.10,11.50,14.00,
Ram,2.40,4.00,X,11.20,8.30,9.90,
Rolls-Royce,6.70,12.00,Z,20.00,11.80,16.30,
Rolls-Royce,6.60,12.00,Z,20.30,13.00,17.00,
Rolls-Royce,6.60,12.00,Z,20.30,13.00,17.00,
Rolls-Royce,6.60,12.00,Z,20.30,13.00,17.00,
Rolls-Royce,6.70,12.00,Z,20.00,11.80,16.30,
Rolls-Royce,6.70,12.00,Z,20.00,11.80,16.30,
Rolls-Royce,6.60,12.00,Z,19.60,12.90,16.60,
Subaru,2.40,4.00,X,11.60,9.00,10.40,
Subaru,2.00,4.00,Z,9.70,7.20,8.60,
Subaru,2.00,4.00,Z,11.20,8.30,9.90,
Subaru,2.00,4.00,X,8.80,7.20,8.10,
Subaru,2.00,4.00,X,10.50,8.10,9.40,
Subaru,2.50,4.00,X,9.00,7.20,8.20,
Subaru,2.00,4.00,X,8.30,6.40,7.50,
Subaru,2.00,4.00,X,10.10,7.50,8.90,
Subaru,2.00,4.00,X,8.40,6.60,7.60,
Subaru,2.00,4.00,X,10.10,7.70,9.00,
Subaru,2.50,4.00,X,9.30,7.00,8.20,
Subaru,3.60,6.00,X,11.90,8.30,10.30,
Subaru,2.50,4.00,X,9.40,7.30,8.50,
Subaru,3.60,6.00,X,12.00,8.70,10.50,
Subaru,2.00,4.00,Z,12.60,9.60,11.20,
Subaru,2.00,4.00,Z,11.30,8.50,10.00,
Subaru,2.50,4.00,Z,14.30,10.70,12.70,
Toyota,4.00,6.00,X,14.30,11.90,13.20,
Toyota,4.00,6.00,X,14.30,11.90,13.20,
Toyota,2.00,4.00,Z,9.90,7.30,8.70,
Toyota,2.00,4.00,Z,11.30,8.30,9.90,
Toyota,3.50,6.00,X,10.90,7.60,9.40,
Toyota,2.50,4.00,X,8.10,5.70,6.90,
Toyota,2.50,4.00,X,8.40,6.10,7.40,
Toyota,2.50,4.00,X,8.50,6.20,7.50,
Toyota,3.50,6.00,X,10.50,7.10,9.00,
Toyota,3.50,6.00,X,10.70,7.40,9.20,
Toyota,2.50,4.00,X,4.90,4.80,4.90,
Toyota,2.50,4.00,X,5.30,5.00,5.10,
Toyota,2.00,4.00,X,8.70,7.50,8.20,
Toyota,1.80,4.00,X,8.30,6.50,7.50,
Toyota,1.80,4.00,X,8.30,6.70,7.60,
Toyota,1.80,4.00,X,8.50,6.60,7.60,
Toyota,1.80,4.00,X,7.80,5.90,6.90,
Toyota,2.00,4.00,X,7.50,5.80,6.70,
Toyota,2.00,4.00,X,8.40,6.30,7.50,
Toyota,3.50,6.00,X,11.80,8.70,10.30,
Toyota,3.50,6.00,X,12.10,9.00,10.60,
Toyota,3.50,6.00,X,12.00,8.90,10.60,
Toyota,3.50,6.00,X,11.70,8.80,10.40,
Toyota,3.50,6.00,X,8.10,8.50,8.30,
Toyota,1.80,4.00,X,4.40,4.60,4.40,
Toyota,1.80,4.00,X,4.50,4.90,4.70,
Toyota,1.50,4.00,X,4.90,5.50,5.10,
Toyota,2.50,4.00,X,8.80,6.70,7.80,
Toyota,2.50,4.00,X,9.20,7.10,8.30,
Toyota,2.50,4.00,X,5.80,6.30,6.00,
Toyota,5.70,8.00,X,18.40,13.80,16.40,
Toyota,3.50,6.00,X,12.40,8.90,10.80,
Toyota,3.50,6.00,X,13.40,9.60,11.70,
Toyota,2.70,4.00,X,12.10,10.10,11.20,
Toyota,2.70,4.00,X,12.70,10.60,11.70,
Toyota,3.50,6.00,X,13.00,10.50,11.90,
Toyota,3.50,6.00,X,13.80,11.40,12.70,
Toyota,3.50,6.00,X,13.80,11.70,12.90,
Toyota,5.70,8.00,X,17.70,13.60,15.90,
Toyota,4.60,8.00,X,16.80,13.10,14.90,
Toyota,5.70,8.00,X,18.00,14.10,16.30,
Toyota,1.50,4.00,X,7.30,5.80,6.60,
Toyota,1.50,4.00,X,7.80,6.00,6.80,
Toyota,1.50,4.00,X,7.90,6.80,7.40,
Toyota,1.50,4.00,X,7.80,6.50,7.20,
Volkswagen,2.00,4.00,Z,12.00,8.60,10.40,
Volkswagen,2.00,4.00,X,11.60,9.10,10.50,
Volkswagen,3.60,6.00,X,13.80,10.20,12.20,
Volkswagen,2.00,4.00,X,9.00,7.10,8.20,
Volkswagen,2.00,4.00,X,9.00,7.10,8.20,
Volkswagen,1.40,4.00,X,8.10,6.40,7.40,
Volkswagen,1.40,4.00,X,8.20,6.30,7.40,
Volkswagen,2.00,4.00,X,9.60,7.50,8.60,
Volkswagen,2.00,4.00,X,9.80,7.30,8.70,
Volkswagen,2.00,4.00,Z,10.20,7.90,9.20,
Volkswagen,2.00,4.00,Z,11.40,8.20,9.90,
Volkswagen,1.80,4.00,X,10.70,8.00,9.40,
Volkswagen,1.80,4.00,X,11.10,7.80,9.60,
Volkswagen,1.40,4.00,X,8.60,6.50,7.60,
Volkswagen,1.40,4.00,X,8.20,6.30,7.40,
Volkswagen,1.80,4.00,X,10.80,8.10,9.60,
Volkswagen,1.80,4.00,X,10.80,7.60,9.30,
Volkswagen,1.40,4.00,X,7.80,5.90,7.00,
Volkswagen,1.40,4.00,X,7.90,5.90,7.00,
Volkswagen,2.00,4.00,X,9.30,7.20,8.40,
Volkswagen,2.00,4.00,X,9.60,7.30,8.50,
Volkswagen,2.00,4.00,X,9.30,6.50,8.10,
Volkswagen,2.00,4.00,X,10.70,8.00,9.50,
Volkswagen,2.00,4.00,X,11.10,8.10,9.80,
Volvo,2.00,4.00,Z,9.90,6.60,8.40,
Volvo,2.00,4.00,Z,11.10,7.30,9.40,
Volvo,2.00,4.00,Z,10.60,7.40,9.20,
Volvo,2.00,4.00,Z,11.10,7.30,9.40,
Volvo,2.00,4.00,Z,9.90,6.60,8.40,
Volvo,2.00,4.00,Z,11.10,7.30,9.40,
Volvo,2.00,4.00,Z,10.80,7.60,9.30,
Volvo,2.00,4.00,Z,11.10,7.30,9.40,
Volvo,2.00,4.00,Z,11.60,8.10,10.00,
Volvo,2.00,4.00,Z,10.30,7.50,9.00,
Volvo,2.00,4.00,Z,11.30,8.50,10.00,
Volvo,2.00,4.00,Z,11.80,8.60,10.40,
Volvo,2.00,4.00,Z,11.30,8.50,10.00,
Volvo,2.00,4.00,Z,12.10,8.90,10.70,
